Fecha;Caterpillar;QUALCOMM Incorporated;Starbucks Corporation;Domino's Pizza;LATAM Airlines Group S.A.;VMware;Oracle Corporation;Microsoft Corporation;Adobe;Sony Corporation;Toyota Motor Corporation;Canon
Nov 21, 2018;123.87;55.27;66.77;259.59;9.81;149.59;48.62;103.11;225.98;50.52;119.25;28.18
Nov 20, 2018;122.27;54.92;67.18;255.22;9.26;148.4;48.33;101.71;219.73;49.53;117.29;27.99
Nov 19, 2018;125.98;54.90;67.91;252.07;9.65;153.4;49.55;104.62;219.69;50.99;117.14;28.45
Nov 16, 2018;129.96;55.88;68.16;264.62;9.7;157.01;51.17;108.29;238.89;50.81;116.96;28.59
Nov 15, 2018;129.42;55.39;67.62;259.62;9.6;157.73;50.63;107.28;239.95;51.65;117;28.42
Nov 14, 2018;125.1;53.94;67.04;266.12;9.19;152.3;48.84;104.97;235.22;51.14;116.88;28.58
Nov 13, 2018;125.96;54.16;67.05;264.71;9;150.51;49.51;106.48;238.74;51.24;115.11;28.38
Nov 12, 2018;125;54.49;67.55;269.09;8.93;148.13;49.22;106.41;236.67;51.53;115.57;28.49
Nov 09, 2018;126.91;56.72;68.23;274.35;9.35;150.82;50.61;109.1;244.84;54.07;117.24;28.67
Nov 08, 2018;131.39;58.05;68.35;273.15;9.5;151.65;50.43;111.27;249.96;54.41;117.29;28.62
Nov 07, 2018;135.1;63.21;67.8;271.47;9.55;149.45;50.26;111.48;253.43;55.26;119.31;28.74
Nov 06, 2018;129.33;63.63;65.66;263.56;9.51;143.02;49.25;107.26;240.56;53.5;117.58;28.74
Nov 05, 2018;126.41;63.47;64.14;260.26;9.68;142.94;49.02;107.05;239.89;53.32;115.41;28.61
Nov 02, 2018;125.79;63.33;63.98;265.3;9.81;141.35;48.83;105.7;239.64;53.66;115.46;28.7
Nov 01, 2018;124.7;63.71;58.32;266.05;9.85;144.64;48.59;105.46;245.28;55.66;117.7;28.92
Oct 31, 2018;121.32;62.89;57.96;268.79;9.22;141.39;48.84;106.35;245.76;54.13;117.05;28.18
Oct 30, 2018;117.46;63.18;58.28;266.23;8.94;138.64;48.57;103.28;238.41;53.43;116.24;28.71
Oct 29, 2018;113.98;62.17;58.06;256.49;8.76;136.26;47.02;103.4;239.75;51;115.31;27.99
Oct 26, 2018;115.05;62.48;57.76;261.24;9.45;138.76;47.32;106.5;245.8;52.41;117.3;28.41
Oct 25, 2018;115.63;63.20;58.65;261.77;9.09;141.61;47.96;107.83;252.92;53.48;116.66;29.08
Oct 24, 2018;112.34;62.62;57.75;255.49;8.87;139.51;46.76;101.88;238.44;53.08;114.57;30.37
Oct 23, 2018;118.98;66.38;58.5;265.82;9.1;145.41;47.99;107.64;251.76;55.07;117.97;30.93
Oct 22, 2018;128.71;66.12;58.59;267.75;8.67;146.14;47.94;109.16;251.06;55.78;117.1;31.38
Oct 19, 2018;131.32;65.36;58.35;267.75;8.9;140.46;47.59;108.19;245.03;55.67;116.32;31.47
Oct 18, 2018;134.94;65.15;58.33;266.38;9.08;145.61;47.38;108.03;250.35;56.03;116.67;31.45
Oct 17, 2018;140.44;66.10;58.78;267.69;9.39;148.16;47.86;110.23;258.91;57.9;117.73;31.52
Oct 16, 2018;142.8;66.12;57.5;259.63;9.49;148.36;48.23;110.52;260.67;57.5;118.04;31.63
Oct 15, 2018;140.9;64.17;56.45;272.94;9.26;144.04;47.12;107.14;238.01;56.25;115.63;31.01
Oct 12, 2018;141.17;64.29;56.15;277.34;9.28;147.74;47.19;109.1;248.87;55.51;116.76;30.86
Oct 11, 2018;140.08;64.29;54.57;270.88;9.29;141.49;46.59;105.45;238.59;55.52;116.75;30.53
Oct 10, 2018;142.81;66.73;55.71;274.92;9.43;143.32;47.21;105.7;237.91;56.1;117.78;30.71
Oct 09, 2018;148.51;70.13;57.4;284.18;9.71;148.86;48.67;111.78;254.16;57.97;119.92;31.31
Oct 08, 2018;152.38;70.93;56.24;280.24;10.17;151.01;49.16;110.37;254.69;57.07;121.72;31.55
Oct 05, 2018;152.34;71.21;55.46;282.91;9.63;156.54;49.15;111.65;263.22;57.23;121.5;31.46
Oct 04, 2018;155.76;72.38;55.59;281.77;9.77;155.53;49.27;112.3;263.71;57.07;122.18;31.48
Oct 03, 2018;157.22;72.64;55.17;286;9.84;154.58;49.55;114.67;270.51;58.32;122.7;31.67
Oct 02, 2018;153.84;73.35;55.29;282.28;9.73;154.53;50.03;114.65;272;59.82;125.71;32.07
Oct 01, 2018;151.32;72.60;55.28;285.52;9.11;156.17;51.59;115.11;275.49;60.58;124.82;31.99
Sep 28, 2018;151.52;72.03;56.54;294.8;9.4;156.06;51.35;113.88;269.95;60.65;124.35;31.65
Sep 27, 2018;151.5;71.71;57.03;293.45;9.78;155.83;51.48;113.92;269.91;59.53;124.61;31.61
Sep 26, 2018;152.2;71.76;56.96;289.18;9.62;155.84;51.42;113.49;268.47;59.45;125.14;31.97
Sep 25, 2018;153.11;72.74;56.6;290.79;9.48;158.06;51.51;113.96;267.84;58.53;124.88;31.75
Sep 24, 2018;153.02;73.58;56.39;288.99;9.59;153.48;51.03;114.18;264.09;56.85;124;31.53
Sep 21, 2018;155.39;73.70;57.14;286.22;9.81;152.09;50.9;113.77;260.88;57;124.72;31.68
Sep 20, 2018;155.01;74.60;56.13;282.71;9.72;153;50.23;113.08;266.34;59.1;124.95;31.67
Sep 19, 2018;151.79;74.06;55.13;279.47;9.59;150.75;49.23;111.22;264.88;59;125.32;31.68
Sep 18, 2018;148.13;74.72;54.78;281.81;9.28;153.4;48.83;112.72;270.79;59.83;125.03;31.86
Sep 17, 2018;145.29;73.24;54.28;274.6;9.55;157.01;48.98;111.66;268.25;59.29;122.48;31.14
Sep 14, 2018;143.98;75.09;54.46;280.05;9.21;162.65;49.05;112.88;274.69;59.44;122.28;30.97
Sep 13, 2018;144.62;74.61;54.6;284.84;9.11;154.6;48.76;112.42;268.52;57.76;121.96;30.34
Sep 12, 2018;143.37;71.75;54.68;284.69;8.64;154.32;49.14;111.23;267.79;57.47;119.91;30.47
Sep 11, 2018;141.13;72.51;54.83;286.07;8.51;154.04;48.72;110.76;267;56.85;119.92;30.69
Sep 10, 2018;141.15;72.32;54.68;293.21;8.62;153.79;48.66;108.91;265.37;56.68;119.18;30.64
Sep 07, 2018;140.43;70.38;54.57;293.5;8.9;151.93;47.62;107.74;260.87;56.53;119.3;30.6
Sep 06, 2018;140.67;70.36;53.92;289.97;8.75;153.83;47.52;108.27;259.75;56.36;120.19;31.01
Sep 05, 2018;139.7;70.89;53.5;289.25;8.65;151.12;47.85;108.02;256.14;55.5;120.47;31.09
Sep 04, 2018;137.36;69.98;53.24;296.03;8.67;152.77;48.39;111.23;266.68;56.18;122.01;31.45
Aug 31, 2018;137.97;68.09;53.16;297.98;9.28;153.26;48.39;111.85;263.51;56.83;124.08;32.09
Aug 30, 2018;138.18;67.53;52.82;300.09;9.35;154.66;48.19;111.47;266.43;56.68;125.26;32.01
Aug 29, 2018;140.96;68.58;52.97;300.06;9.67;150.43;48.69;111.54;268.36;57.07;127.48;32.27
Aug 28, 2018;141.1;69.15;52.77;298.85;9.41;148.5;48.44;109.79;263.04;55.77;126.07;32.09
Aug 27, 2018;141.14;66.73;52.69;297.32;9.22;150.03;49.13;109.13;262.4;56.02;126.47;31.97
Aug 24, 2018;137.33;66.54;52.47;297.38;8.93;151.37;49.06;107.93;261.51;54.54;122.84;31.52
Aug 23, 2018;135.92;66.26;52.38;288.84;8.82;154.77;48.76;107.1;257;54.41;122.26;31.53
Aug 22, 2018;138.75;66.24;52.54;290.98;9.23;154.28;48.6;106.6;255.54;54.62;123.74;31.66
Aug 21, 2018;139.1;65.95;53.71;286.82;9.06;151.68;48.22;105.52;251.5;54.42;122.57;31.55
Aug 20, 2018;137.79;65.56;53.63;284.2;9.66;151.62;48.23;106.41;249.76;54.59;123.27;31.73
Aug 17, 2018;138.46;65.46;53.27;284.49;9.6;150.88;48.17;107.12;245.7;54.87;123.28;31.83
Aug 16, 2018;135.4;65.17;52.76;287.17;9.64;151.93;47.91;107.18;248.89;53.84;122.76;31.52
Aug 15, 2018;131.18;65.09;52.47;283.64;9.6;152.04;47.65;107.2;250.52;53.71;121.85;31.46
Aug 14, 2018;134.07;64.84;52.31;286.96;9.82;152.25;48.04;108.67;256.05;54.28;123.45;31.94
Aug 13, 2018;134.16;64.25;51.53;288.04;9.69;151.94;47.82;107.33;253.54;54.17;123.5;31.69
Aug 10, 2018;135.06;64.24;51.23;290.75;9.91;153.21;48.13;108.12;253.7;54.65;124.23;32.08
Aug 09, 2018;137.64;64.49;51.64;290.89;10.07;153.76;48.35;108.78;253.8;55.39;125.45;32.25
Aug 08, 2018;138.83;64.57;51.27;286.37;10.4;152.84;48.2;108.6;253.83;54.79;127.09;32.43
Aug 07, 2018;141.48;64.85;51.43;276.92;10.79;153.06;48.29;108;253.39;55.55;128.52;32.48
Aug 06, 2018;138.6;65.14;51.43;279.6;10.93;151.38;48.47;107.25;254.11;54.46;128.45;31.84
Aug 03, 2018;137.63;64.81;51.59;278.96;11.2;149.45;48.28;107.16;253.28;54.96;131.3;32.29
Aug 02, 2018;137.14;64.19;51.05;276.22;10.92;148.07;47.71;106.7;252.22;55.28;131.05;32.11
Aug 01, 2018;137.66;63.77;51.3;269.82;11.04;144.58;47.16;105.42;248.01;55;131.63;32.06
Jul 31, 2018;142.89;63.51;51.75;262.15;11.38;144.59;47.49;105.22;244.68;54.02;131.84;32.39
Jul 30, 2018;138.86;61.48;51.27;255.92;11.24;144.42;47.54;104.51;242.32;52.34;134.98;32.21
Jul 27, 2018;141.66;62.12;51.51;260.2;11.31;148.8;48.43;106.81;254.81;53.4;134.46;32.07
Jul 26, 2018;141.68;63.01;50.82;259.5;11.61;150.78;48.67;108.73;261.93;53.66;133.33;31.71
Jul 25, 2018;139.59;58.88;50.99;261.69;11.67;151.15;48.75;109.93;263.17;53.66;132.21;32.02
Jul 24, 2018;137.1;58.32;50.54;262.56;10.98;149.2;48.47;106.79;257.49;52.67;132.58;31.77
Jul 23, 2018;135.42;58.55;50.56;271.23;10.6;150.94;48.47;107.09;259.47;53.15;131.73;31.88
Jul 20, 2018;135.95;58.08;50.29;276.64;10.79;152.25;48.33;105.41;257.54;52.95;131.8;31.73
Jul 19, 2018;138.54;58.77;50.71;276.22;10.45;152;48.25;103.55;257.68;52.63;131.77;31.69
Jul 18, 2018;139.37;58.23;50.53;283.13;10.73;153.95;48.44;104.27;259.78;53.07;132.09;31.7
Jul 17, 2018;137.23;58.38;50.65;281.5;10.6;155.11;48.7;105.09;258.31;53.63;131.45;31.8
Jul 16, 2018;136.37;57.82;50.32;278.65;10.24;155.24;48.27;104.06;254.68;53.27;129.51;31.46
Jul 13, 2018;139.01;57.86;50.99;280.86;10.26;155.05;48.25;104.57;258.59;53.31;129.51;31.61
Jul 12, 2018;137.69;57.79;49.64;278.49;10.21;155.27;47.77;103.34;254.87;52.21;129.18;31.36
Jul 11, 2018;135.07;56.78;49.53;279.12;10.09;153.59;47.26;101.15;248.12;51.96;128.06;31.57
Jul 10, 2018;139.5;57.84;49.8;271.86;10.26;155.5;46.62;101.29;248.63;51.68;129.27;31.98
Jul 09, 2018;139.22;57.52;49.29;277.73;10.23;154.83;46.36;101.02;249.77;51.61;130.7;31.87
Jul 06, 2018;133.73;57.32;48.38;278.61;10.12;157.68;45.64;100.34;248.19;49.58;129.56;31.5
Jul 05, 2018;134.13;56.86;48.02;277.2;9.82;158.05;45.05;98.95;244.18;49.06;129.07;31.7
Jul 03, 2018;132.17;54.83;48.17;279.59;10.18;160.37;44.37;98.25;242.01;50.97;127.4;31.68
Jul 02, 2018;134.6;55.67;48.46;280.46;9.72;162.02;44.59;99.2;243.26;50.94;127.93;31.98
Jun 29, 2018;133.99;55.61;48.25;281.63;9.89;146.97;43.71;97.81;243.81;51.26;128.81;32.69
Jun 28, 2018;134.34;55.40;47.95;281.55;10.11;146.12;43.49;97.83;239.81;51.7;129.09;32.35
Jun 27, 2018;132.94;54.67;49.23;280.93;9.95;142.3;43.11;96.75;237.68;50.29;127.11;32.46
Jun 26, 2018;133.86;55.94;49.76;282.56;10.32;145.89;44.06;98.28;242.25;50;129.21;32.87
Jun 25, 2018;134.89;56.54;50.04;278.97;10.5;145.08;43.93;97.59;239.68;49.53;128.57;32.55
Jun 22, 2018;138.21;57.97;50.61;291.83;10.95;150.01;43.75;99.59;243.63;50.37;131;32.8
Jun 21, 2018;137.8;58.22;50;290.2;10.99;152.03;42.76;100.32;248.83;49.22;132.66;32.31
Jun 20, 2018;141.36;58.26;51.58;287.34;11.2;152.18;42.48;101.04;251.24;49.56;134.37;32.54
Jun 19, 2018;141.52;58.17;56.73;286.84;11.48;151.25;45.9;100.04;251.74;48.24;136.15;32.63
Jun 18, 2018;146.84;58.67;56.52;281.19;11.38;151.44;46.15;100.04;255.69;48.37;136.52;32.64
Jun 15, 2018;148.16;59.32;56.41;276.81;11.62;150.46;45.91;99.32;251.82;49.12;135.81;33.01
Jun 14, 2018;151.24;58.92;56.32;273.12;11.86;150.25;45.54;100.6;258.1;49.13;135.44;33.17
Jun 13, 2018;152.79;58.69;55.52;272.5;12.07;150.79;47.89;100.03;256.13;49.82;135.41;33.19
Jun 12, 2018;155.54;59.25;55.79;272.13;11.85;148.27;48.07;100.49;252.59;49.85;134.55;33.21
Jun 11, 2018;154.36;59.39;55.79;268.71;11.79;149.3;47.81;100.23;251;50.5;137.15;33.5
Jun 08, 2018;153.4;59.72;55.91;268.98;11.66;149.64;47.8;100.8;251.21;49.96;136.21;33.38
Jun 07, 2018;154.35;60.09;56.44;270.97;11.18;150.27;47.3;100.06;247.51;49.88;136.45;33.28
Jun 06, 2018;154.57;59.30;56.47;268.57;11.73;148.98;47.37;101.66;253.95;50.18;136.17;33.33
Jun 05, 2018;151.11;58.45;55;261.6;12.02;147.52;46.76;101.36;252.7;49.31;133.46;33.34
Jun 04, 2018;150.61;58.18;56.37;254.39;12.19;142.59;46.95;100.84;253.34;49.08;134.28;33.54
Jun 01, 2018;151.62;58.08;56.21;251.86;11.8;145.93;46.98;99.97;251.31;47.67;131.31;33.24
May 31, 2018;150.03;57.60;55.98;250.49;12;137.48;46.35;98.04;249.28;47.09;127.97;33.31
May 30, 2018;153.53;57.86;56.78;250.71;12.08;138.02;46.68;98.15;247.4;47.21;127.23;33.43
May 29, 2018;151.72;57.70;56.53;244.83;12.28;136.4;45.89;97.21;242.19;46.6;126.7;33.33
May 25, 2018;153.92;58.80;57.21;249.35;12.94;136.45;46.63;97.56;243.56;46.4;129.96;33.61
May 24, 2018;155.75;57.94;56.98;251.25;12.67;136.77;46.09;97.51;245.15;46.46;132.44;33.35
May 23, 2018;155.79;57.69;56.79;248.51;13.05;138.23;46.53;97.86;243.91;46.47;134.83;33.52
May 22, 2018;154.26;56.28;56.26;247.23;13.12;136.8;46;96.71;238.79;47.06;135.74;33.41
May 21, 2018;156.95;56.60;56.64;247.39;13.04;138.69;46.84;96.81;238.1;48.39;136.45;33.51
May 18, 2018;153.78;56.40;56.46;243.9;13.12;138.99;45.95;95.58;238.09;48.6;136.04;33.52
May 17, 2018;151.79;55.85;56.5;245.58;13.41;137.51;46.17;95.4;236.85;48.8;136.67;33.49
May 16, 2018;151.89;55.61;56.45;246.37;13.62;138.58;46.36;96.36;237.39;47.82;137.35;33.56
May 15, 2018;150.7;54.57;55.95;246.13;13.45;141.1;46.44;96.11;236.6;47.51;136.22;33.55
May 14, 2018;153.36;55.65;56.43;245.17;13.71;141.25;46.45;96.81;238.37;48.34;138.14;33.86
May 11, 2018;152.94;54.17;56.57;248.93;13.98;144.04;46.45;96.49;241.88;48.08;138.07;33.97
May 10, 2018;152.06;53.91;56.95;248.74;13.92;143.9;46.56;96.7;241.15;46.88;138.39;33.97
May 09, 2018;150.72;52.15;56.34;248.93;13.53;138.57;46.21;95.74;239.74;47.31;136.29;33.83
May 08, 2018;148.07;51.84;56.67;249.42;14.09;136.5;45.58;94.62;234.56;47.39;130.9;33.98
May 07, 2018;147.96;51.99;56.45;249.51;14.15;135.82;45.71;95.03;230.99;47.44;131.51;33.97
May 04, 2018;144.56;51.48;56.68;247.26;14.22;134.35;45.35;93.98;228.51;47.57;131.32;33.7
May 03, 2018;142;49.34;55.16;244.86;14.31;132.87;44.7;92.9;226.05;47.1;130.11;33.45
May 02, 2018;142.08;49.29;55.72;243.32;14.56;132.49;45.15;92.35;221.1;46.66;130.18;33.46
May 01, 2018;142.63;49.84;57.12;246.71;14.86;133.22;45.59;93.82;224.08;46.35;130.97;33.66
Apr 30, 2018;142.57;50.03;56.57;240.78;15.18;133.26;45.31;92.36;221.6;45.83;130.98;33.57
Apr 27, 2018;142.93;50.13;57.35;247.44;15.21;133.05;45.17;94.63;221.9;45.5;131.01;33.69
Apr 26, 2018;144.5;49.50;58.35;249.62;15.02;132.41;45.6;93.09;221.91;50.18;131.61;33.95
Apr 25, 2018;143.39;48.79;56.71;232.61;15.14;131.62;45.39;91.17;217.32;49.58;131.1;33.74
Apr 24, 2018;142.65;48.98;56.81;230.91;15.34;133.96;45.17;91.97;217.89;49.39;129.47;34.73
Apr 23, 2018;152.08;49.56;57.15;238.54;15.32;135.02;45.44;94.17;225.3;49.41;129.07;34.94
Apr 20, 2018;151.35;50.45;56.99;237.99;15.43;136.05;45.86;93.82;225.24;49.76;129.23;35.27
Apr 19, 2018;153;51.56;58.19;239.74;15.78;135.59;46.45;94.92;227.62;49.73;128.49;35.24
Apr 18, 2018;153.25;54.17;58.47;237.25;16.13;137.54;46.71;95.24;231.1;50.46;129.07;35.5
Apr 17, 2018;150.65;54.28;58.79;236.23;15.54;131.88;46.29;94.88;231.16;49.77;129.34;35.66
Apr 16, 2018;149.5;53.71;58.4;231.44;15.5;127.76;45.69;93;226.52;49.35;128.82;35.37
Apr 13, 2018;147.63;54.66;58.21;229.41;15.55;121.34;45.53;91.93;224.06;48.89;128.53;35.22
Apr 12, 2018;147.54;54.14;58.4;230.57;15.66;122.15;45.33;92.42;226.96;49.14;128.63;35.6
Apr 11, 2018;144.25;53.95;58.39;230.09;15.39;121.49;45.06;90.72;223.63;49.35;127.81;35.72
Apr 10, 2018;145.52;53.71;58.38;230.79;15.23;121.75;45.27;91.73;224.53;49.75;128.26;35.93
Apr 09, 2018;140.6;52.40;57.68;231.52;15.57;120.47;44.36;89.64;219.17;48.57;126.17;35.03
Apr 06, 2018;140.51;52.10;57.33;230.55;15.54;118.65;44.29;89.11;218.61;48.44;125.37;34.76
Apr 05, 2018;145.56;53.98;58.11;234.86;15.52;121.81;45.41;91.23;223.54;49.15;127.4;35.7
Apr 04, 2018;142.66;53.93;57.81;230.54;15.4;121.83;44.96;91.19;225.05;48.97;127.76;35.35
Apr 03, 2018;142.55;53.72;56.99;232.55;15.4;119.87;44.35;88.6;215.93;48.84;128.35;35.41
Apr 02, 2018;141.4;52.77;55.26;229.51;15.17;120.48;44.47;87.42;212.28;47.99;126.59;35.13
Mar 29, 2018;144.83;54.34;56.89;232.64;15.3;121.27;45.2;90.14;216.08;48.34;130.37;35.67
Mar 28, 2018;142.64;53.65;56.9;232.95;14.94;119.95;44.44;88.28;212.54;48.08;129.37;35.5
Mar 27, 2018;144.44;53.78;56.46;230.67;14.83;123.37;44.84;88.36;213.8;47.73;125.85;35.13
Mar 26, 2018;146.6;55.05;56.8;230.37;15;126.03;45.92;92.62;228.91;48.53;125.13;35.6
Mar 23, 2018;141.79;52.63;55.33;225.76;14.85;122.06;44.25;86.1;215.02;47.75;122.37;35.19
Mar 22, 2018;144.35;54.51;56.77;225.51;14.94;122.1;45.34;88.68;220.52;47.99;124.85;36.27
Mar 21, 2018;153.1;55.72;57.46;227.36;15.24;124.35;46.46;91.33;226.85;48.55;127.07;36.03
Mar 20, 2018;151.39;57.14;57.64;230.68;15.19;126.16;46.49;91.98;229.75;48.69;127.04;35.93
Mar 19, 2018;149.51;57.25;57.29;226.77;15.44;125.59;51.33;91.74;222.18;48.2;125.65;35.72
Mar 16, 2018;153.75;59.45;57.98;228.89;15.6;124.47;51.64;93.43;225.55;50.49;127.69;36.24
Mar 15, 2018;151.89;58.74;58.34;225.93;15.51;125.51;51.74;93.01;218.87;51.19;128.16;36.43
Mar 14, 2018;149.9;58.96;57.81;225.77;16.05;124.75;51.69;92.69;218.44;50.8;127.78;36.41
Mar 13, 2018;151.03;58.55;58.03;224.96;16.25;124.03;51.95;93.24;219.76;49.93;127.78;36.34
Mar 12, 2018;151.82;61.60;58.37;226.24;16.08;127.19;52.27;95.57;220.94;49.87;128.11;36.48
Mar 09, 2018;155.51;61.82;57.45;228.8;15.98;125.84;52.33;95.34;221.11;51.25;127.48;36.26
Mar 08, 2018;150.93;60.63;56.47;221.36;15.6;123.52;51.5;93.26;216.4;51.13;127.35;36.08
Mar 07, 2018;148.88;61.29;56.04;221.54;15.28;124.25;51.1;92.7;216.86;50.74;127.6;36.09
Mar 06, 2018;151.08;60.94;56.04;220.03;15.42;120.53;50.88;92.16;212.01;50.02;129.09;36.34
Mar 05, 2018;148.5;62.78;56;218.21;15.5;118.24;50.67;92.48;211.16;50.38;128.74;36.56
Mar 02, 2018;143.84;63.49;55.94;221.68;15.67;116.34;49.72;91.9;209.79;49.54;128.36;36.38
Mar 01, 2018;147.63;63.71;55.2;221.4;16.11;123.66;49.11;91.7;206.03;48.58;128.16;36.29
Feb 28, 2018;151.95;63.75;56.11;221;16.17;131.75;50.06;92.61;209.13;50.32;132.3;37.3
Feb 27, 2018;158.46;65.06;55.59;225.03;16.44;128.85;50.12;93.03;208.82;50.13;133.7;37.36
Feb 26, 2018;160.85;65.13;56.18;226.57;16.79;128.66;50.56;94.24;212.15;50.77;136.06;37.22
Feb 23, 2018;159.59;61.57;55.17;227.4;16.7;126.42;49.89;92.89;209.74;50.09;134.69;36.75
Feb 22, 2018;156.11;60.46;54.44;225.56;16.47;125.23;49;90.59;202.61;49.71;132.92;36.14
Feb 21, 2018;152.54;61.65;55.13;229.07;16.28;122.94;48.84;90.36;202.09;49.36;132.5;36.3
Feb 20, 2018;152.86;62.22;55;220.08;16.39;123.6;49.29;91.57;202.98;49.27;133.53;36.15
Feb 16, 2018;153.58;63.06;55.5;219.34;15.83;124.55;50.1;90.86;201.56;49.41;133.87;36.89
Feb 15, 2018;157.21;63.48;55.6;216.32;16.21;123.62;50.03;91.51;202.97;48.67;132.97;36.7
Feb 14, 2018;155.32;64.75;55.02;208.45;15.96;124.42;48.86;89.68;197.13;48.45;133.15;36.35
Feb 13, 2018;151.3;63.89;54.7;206.68;15.55;120.08;47.91;88.3;193.48;47.08;132.73;35.91
Feb 12, 2018;149.65;63.85;54.42;210.52;15.68;116.58;47.57;87.61;192.15;48.13;136.39;36.3
Feb 09, 2018;146.62;62.22;53.63;204.78;15.38;113.13;47.16;86.68;187.99;46.91;134.24;35.67
Feb 08, 2018;143.46;60.70;52.84;197.31;15.52;108.46;46.28;83.56;185.16;46.83;132.13;35.63
Feb 07, 2018;151.66;63.24;53.51;209.97;16.19;112.9;48.28;88.09;192.34;49.98;134.54;36.72
Feb 06, 2018;153.7;62.62;54.35;207.14;16.56;115.56;48.81;89.78;194.47;50.62;136.39;37.39
Feb 05, 2018;148.46;60.03;53.45;206.7;15.85;116.4;47.51;86.5;190.27;48.86;129.67;36.65
Feb 02, 2018;154.76;64.25;54.51;213.02;16.39;122.72;49.53;90.22;195.64;51.84;134.28;38.6
Feb 01, 2018;159.43;64.96;54.73;217.28;17.03;125.71;51.01;92.66;199.38;49.01;136.43;38.96
Jan 31, 2018;159.96;66.37;55.52;215.47;16.98;123.79;50.97;93.39;199.76;47.8;135.56;39.36
Jan 30, 2018;160.92;65.14;55.89;214.58;16.85;118.74;50.35;91.16;196.9;47.21;137.23;39.28
Jan 29, 2018;159.76;65.46;55.73;213.96;17.09;125.05;51.32;92.32;198.23;47.73;137.14;38.38
Jan 26, 2018;164.16;66.64;56.68;215.4;16.98;150;52.12;92.46;201.3;49.34;137.17;38.84
Jan 25, 2018;166.43;65.56;59.18;217.94;16.87;137.63;50.98;90.76;197.51;48.26;135.82;38.54
Jan 24, 2018;165.42;66.10;59.45;217.33;16.69;137.07;50.83;90.26;197.78;49.01;136.65;38.65
Jan 23, 2018;166.49;66.45;60.29;218.17;16.41;137.96;50.51;90.34;200.09;50.28;136.9;38.66
Jan 22, 2018;167.93;66.77;60.02;214.92;16.7;136.69;50.1;90.05;197.84;50.65;137.02;38.72
Jan 19, 2018;167.46;66.16;59.87;212.18;16.59;136.04;49.97;88.47;195.73;49.75;137.46;38.49
Jan 18, 2018;165.14;66.17;59.71;209.57;16.58;135.63;49.63;88.57;196.2;49.03;136.26;38.18
Jan 17, 2018;164.81;66.14;59.29;206.57;16.27;135.33;49.67;88.61;196.49;49.68;138.31;38.61
Jan 16, 2018;165.61;66.37;59.19;207.96;15.67;132.14;49;86.85;192.46;48.81;135.61;38.13
Jan 12, 2018;166.57;63.57;59.03;209.81;16.02;132.53;48.92;88.08;195.05;49.89;134.85;38.07
Jan 11, 2018;165.5;63.62;58.64;208.52;15.45;133.27;48.36;86.58;188.92;50.14;134.57;38.27
Jan 10, 2018;162.24;63.46;58.46;198.82;15;129.22;48.21;86.33;187.11;49.64;134.07;37.88
Jan 09, 2018;162.79;63.47;57.84;205.4;14.93;129.27;48.47;86.72;186.7;49.41;131.43;37.84
Jan 08, 2018;162.4;64.44;57.97;202.32;14.77;130.9;48.2;86.78;185.04;48.86;132.47;37.38
Jan 05, 2018;158.42;64.63;58.26;199.03;14.6;131.26;47.7;86.69;185.34;48.56;131.57;37.2
Jan 04, 2018;155.95;64.21;57.59;196.04;14.38;131.24;47.42;85.63;183.22;47.11;129.9;37.39
Jan 03, 2018;153.84;64.12;57.38;190.44;14.19;130.03;46.96;84.88;181.04;46.17;127.91;37.14
Jan 02, 2018;153.6;63.40;56.32;185.75;14.35;127.29;45.89;84.49;177.7;45.66;126.18;36.77
Dec 29, 2017;154.13;62.25;56.13;187.76;13.82;125.32;46.53;84.08;175.24;44.82;125;36.6
Dec 28, 2017;154.95;62.60;56.5;188.77;13.85;126.61;46.77;84.26;175.55;45.16;126.08;36.63
Dec 27, 2017;154.07;62.76;55.97;189.36;13.74;126.96;46.63;84.25;175.36;45.13;126.04;36.83
Dec 26, 2017;153.02;62.52;55.85;189.16;13.76;127.56;46.68;83.95;174.44;45.08;125.79;37
Dec 22, 2017;152.34;62.94;56;191.64;13.64;127.69;46.61;84.05;175;45.55;126.13;36.86
Dec 21, 2017;151.26;62.61;56.28;187.19;13.51;127.17;46.53;84.05;174.56;45.28;126.09;36.86
Dec 20, 2017;149.18;62.82;56.42;182.45;13.74;128.62;47.14;84.06;174.25;44.9;125.45;36.73
Dec 19, 2017;147.61;62.72;56.7;185.87;13.87;128.14;47.06;84.37;174.97;45.21;124.84;36.84
Dec 18, 2017;146.49;63.57;56.72;184.82;13.75;128.89;46.96;84.91;176.74;45.6;125.14;37.06
Dec 15, 2017;143.48;62.97;56.97;183.86;12.91;123.8;47.54;85.37;177.51;44.71;122.21;36.85
Dec 14, 2017;143.08;62.91;58.35;181.36;12.66;121.25;49.4;83.25;175;44.32;122.86;36.84
Dec 13, 2017;145.32;63.11;58.14;178.91;12.52;121.87;49.26;83.9;176.83;44.52;122.78;37.06
Dec 12, 2017;140.28;63.07;57.93;179;12.2;120.04;49.59;84.12;172.54;44.5;122.13;37.04
Dec 11, 2017;140.62;63.38;57.73;179.35;12.11;121.09;49.67;83.78;174.31;44.77;121.81;36.88
Dec 08, 2017;140.71;62.47;57.28;182.28;12.01;119.57;48.82;82.73;173.57;45.66;122.32;36.75
Dec 07, 2017;139.76;63.43;57.8;177.91;12.08;117.22;47.75;81.09;174.61;45.62;121.28;36.61
Dec 06, 2017;137.27;63.19;57.94;179.56;12.2;116.67;47.65;81.37;173.52;44.78;120.87;36.46
Dec 05, 2017;137.07;62.90;58;183.85;12.19;114.54;47.23;80.2;167.54;45.74;121.57;36.3
Dec 04, 2017;138.4;62.78;57.43;185.95;12.47;115.09;47.63;79.7;168.44;45.65;121.8;36.21
Dec 01, 2017;138.42;63.68;56.02;182.98;12.51;124.44;48.82;82.83;179.52;45.43;122.23;36.38
Nov 30, 2017;138.06;64.51;56.51;184.51;12.58;120.11;48.28;82.74;181.47;46.67;124.18;36.77
Nov 29, 2017;135.04;64.68;56.21;177.58;13.19;119.42;47.75;81.92;176.85;47.23;124.39;36.71
Nov 28, 2017;135.95;66.49;55.38;170.76;13.45;127.34;48.23;83.44;185.4;48.16;124.79;37.24
Nov 27, 2017;134.19;65.70;54.64;172.97;13.32;126.21;48.11;82.44;185;47.88;123.83;37.12
Nov 24, 2017;134.38;66.45;55.51;175.76;13.37;124.22;48.23;81.84;184.46;47.75;123.9;37.14
Nov 22, 2017;134.99;65.69;55.85;174.98;13.66;123.59;47.81;81.7;182.9;47.08;123.92;36.91
Nov 21, 2017;134.59;64.29;55.96;175.31;13.56;125.39;47.86;82.3;184.15;46.97;123.63;36.88
Nov 20, 2017;133.91;64.09;55.52;176.19;13.31;124.06;48.24;81.13;182.34;46.84;122.17;36.75
Nov 17, 2017;133.15;64.33;55.64;177.06;14.4;123.26;48.17;81;182.24;46.04;121.18;36.68
Nov 16, 2017;133.38;63.75;55.94;175.89;13.54;122.71;48.42;81.78;182.3;45.97;122.24;36.88
Nov 15, 2017;131.17;63.26;55.42;174.2;12.8;121.19;48.05;81.57;180.08;45.11;121.55;36.32
Nov 14, 2017;134.53;63.64;55.35;174.1;12.87;122.47;48.42;82.21;181.32;45.92;122.74;36.76
Nov 13, 2017;133.54;64.11;55.07;171.49;12.99;121.84;48.62;82.09;181.85;45.95;123.52;36.78
Nov 10, 2017;133.49;62.26;55.45;171.79;12.86;122.15;48.54;82.03;181.72;46.09;122.36;37.14
Nov 09, 2017;132.38;62.29;55.76;171.67;13.22;120.97;48.46;82.25;181.92;45.76;123.32;36.93
Nov 08, 2017;134.29;63.15;56.3;167.21;13.38;120.55;49.74;82.71;184.06;47.33;125.79;37.14
Nov 07, 2017;135.77;61.81;55.63;168.59;13.18;120.43;49.69;82.42;180.88;45.88;125.28;36.6
Nov 06, 2017;134.7;60.28;55;171.92;13.39;119.21;49.6;82.62;180.8;45.74;123.48;36.13
Nov 03, 2017;133.64;59.60;54.47;176.36;13.24;117.94;49.39;82.29;182.3;44.68;123.47;36.21
Nov 02, 2017;133.48;52.88;53.34;176.51;13.44;118.9;49.48;82.21;180.94;44.76;123.17;36.16
Nov 01, 2017;133.31;51.55;53.6;175.67;13.36;119.12;49.84;81.36;176.25;43.41;122.3;36.12
Oct 31, 2017;132.83;49.19;53.32;181.37;13.5;119.69;50.09;81.36;175.16;43.29;121.88;36.18
Oct 30, 2017;133.5;52.71;53.64;180.09;13.56;119.93;49.88;82.05;176.03;38.74;122.26;35.93
Oct 27, 2017;134.8;52.62;53.35;183.04;13.27;120.97;50.07;81.97;177.33;37.72;122.11;35.97
Oct 26, 2017;133.94;51.88;53.38;184.03;13.34;119.01;49.36;77.03;173.75;37.75;121.73;35.34
Oct 25, 2017;133.85;51.92;52.65;184.1;13.83;118.9;48.91;76.91;171.83;37.05;120.25;34.86
Oct 24, 2017;135.22;52.31;52.77;182.21;13.67;119.63;49.19;77.13;171.58;37.59;121.76;35.31
Oct 23, 2017;128.8;51.48;52.76;181.01;13.56;119.11;48.53;77.1;172.16;37.4;120.67;34.4
Oct 20, 2017;128.49;50.16;53.05;184.46;13.73;118.34;48.47;77.08;175.64;37.44;121.6;34.29
Oct 19, 2017;127.91;50.42;53.86;184.47;13.49;117.4;48.57;76.2;171.73;37.33;120.97;34.36
Oct 18, 2017;127.66;50.34;53.67;186.12;13.46;116.6;48.8;75.91;153;37.35;122.14;34.38
Oct 17, 2017;126.93;50.54;52.99;190.56;13.54;115.6;48.41;75.89;150.38;36.84;121.2;34.19
Oct 16, 2017;127.83;50.51;53.38;191.47;13.8;115.15;48.09;75.95;150.46;36.94;121.31;34.28
Oct 13, 2017;127.09;50.93;54.17;191.27;13.78;113.62;47.84;75.79;153.93;36.71;121.27;34.27
Oct 12, 2017;126.39;51.11;54.41;199.24;13.71;113.16;47.47;75.43;153.61;36.22;121.08;33.92
Oct 11, 2017;125.04;52.19;54.09;207.38;13.85;112.03;47.52;74.74;153.65;36.51;121.45;33.79
Oct 10, 2017;124.64;51.94;53.88;207.58;13.95;111.79;47.45;74.62;152.15;36.6;121.96;33.64
Oct 09, 2017;123.37;50.99;53.49;203.97;13.64;111.85;47.41;74.62;151.5;36.93;119.59;33.25
Oct 06, 2017;123.42;50.61;53.64;203.56;13.84;111.53;47.45;74.33;151.12;36.97;119.79;33.11
Oct 05, 2017;122.9;50.48;53.08;204.19;13.84;111.59;47.95;74.3;150.25;36.85;118.77;33.18
Oct 04, 2017;123.23;50.1;52.43;199.85;13.73;110.59;47.94;73.05;147.95;37.42;118.9;33.03
Oct 03, 2017;122.04;50.16;52.49;201.01;13.8;110.6;47.73;72.63;148.6;37.44;118.28;32.95
Oct 02, 2017;121.27;50.03;52.31;198.21;13.25;110.15;47.84;72.97;147.94;37.21;117.27;32.73
Sep 29, 2017;121.26;49.99;52.22;196.79;13.18;109.19;47.4;72.86;149.18;37.23;117.13;32.89
Sep 28, 2017;121.76;49.9;52.98;195.29;13.13;109.2;47.13;72.25;146.83;36.61;117.56;32.77
Sep 27, 2017;121.07;49.71;53.46;195.09;13.07;109.21;47.21;72.23;146.43;36.27;117.65;32.75
Sep 26, 2017;121.06;49.3;53.6;191.59;13.27;107.83;46.98;71.65;145.4;36.24;117.49;32.63
Sep 25, 2017;120.88;49.77;53.42;191.7;13.62;107.52;47.03;71.65;144.57;36.75;117.14;32.54
Sep 22, 2017;120.99;50.23;53.56;195.46;14.2;109.15;47.21;72.78;148.5;37.28;116.81;32.38
Sep 21, 2017;121.34;50.17;53.48;196.28;14.32;109.07;47.03;72.58;149.3;37.24;116.25;32.41
Sep 20, 2017;121.39;50.12;53.62;195.82;13.92;110.13;47.03;73.3;149.96;37.54;116.56;32.7
Sep 19, 2017;121.29;50.43;53.1;194.19;13.83;109.68;47.09;73.79;156.6;37.44;116.26;33.04
Sep 18, 2017;120.4;50.38;53.17;193.88;13.58;109.98;47.38;73.51;155.77;38.16;113.87;33.06
Sep 15, 2017;118.01;50.32;53.15;192.95;13.66;110.25;47.78;73.66;154.49;38.43;113.97;33.13
Sep 14, 2017;117.15;49.64;53.01;188.22;13.46;110.75;51.75;73.13;154.95;38.13;113.4;32.96
Sep 13, 2017;116.32;49.19;52.78;186.42;13.33;110.43;51.76;73.56;156.24;39.51;112.92;32.93
Sep 12, 2017;117.59;49.08;52.05;187.77;13.33;109.6;51.73;73.04;156.31;39.94;112.85;33
Sep 11, 2017;115.58;48.76;52.52;186.88;13.12;107.72;51.46;73.12;156.87;40.11;112.55;33.12
Sep 08, 2017;114.56;47.87;52;184.32;12.91;106.1;50.56;72.36;155.34;39.69;111.33;33.04
Sep 07, 2017;114.51;48.58;51.98;181.25;13.08;106.5;50.71;72.71;155.47;39.2;110.66;33.32
Sep 06, 2017;113.74;48.65;52.8;180.57;12.91;107.29;50.01;71.79;153.76;39.1;110.13;33.47
Sep 05, 2017;115.03;48.24;53.6;180.44;12.8;107.08;49.93;72;154.28;39.1;110.03;33.16
Sep 01, 2017;115.01;50.19;53.4;181.51;12.71;107.48;49.62;72.32;155.06;39.49;109.45;33.42
Aug 31, 2017;114.24;50.4;53.33;180.2;12.53;108.1;49.34;73.13;155.16;39.4;109.41;33.65
Aug 30, 2017;114.3;50.26;53;176.91;12.26;106.96;48.82;72.39;153.67;38.97;108.74;33.34
Aug 29, 2017;112.8;49.96;52.6;176.36;12.26;104.93;48.48;71.45;152.14;38.41;108.53;33.48
Aug 28, 2017;111.89;49.96;52.89;176.74;12.21;104.68;48.27;71.23;151.79;38.25;108.72;33.35
Aug 25, 2017;112.16;49.62;52.85;176.71;12.24;102.74;48.27;71.22;151.45;38.27;109.27;33.4
Aug 24, 2017;111.6;50.06;52.44;181.23;11.8;100.83;48.22;71.1;150.81;37.96;108.67;33.28
Aug 23, 2017;111.57;49.81;52.58;185.57;11.67;100.39;48.1;71.13;151.1;38.58;109.28;33.44
Aug 22, 2017;112.61;49.93;52.94;186.87;11.82;99.93;48.29;71.56;152.25;38.48;109.3;33.31
Aug 21, 2017;110.46;49.57;51.67;187.34;12.07;97.01;47.94;70.57;149.26;38.27;109.15;33.35
Aug 18, 2017;110.77;49.52;51.23;186.53;11.98;96.27;47.66;70.9;147.97;38.54;108.2;33.55
Aug 17, 2017;110.01;49.85;51.57;186.13;11.69;95.77;47.59;70.81;148.23;38.77;107.92;33.68
Aug 16, 2017;110.96;50.84;52.01;185.55;11.79;96.66;48.28;72.03;151.8;39.16;108.83;33.73
Aug 15, 2017;110.5;51.38;51.67;186.04;11.85;95.29;47.87;71.61;150.36;38.69;109.7;33.57
Aug 14, 2017;110.56;51.07;51.74;191.72;11.78;98.02;47.89;71.59;149.16;38.92;109.45;33.38
Aug 11, 2017;109.73;50.28;51.7;190.68;11.59;91.95;47.29;70.53;146.47;38.77;108.57;33.39
Aug 10, 2017;110.02;49.92;51.59;190.35;11.65;92;47.15;69.47;144.92;38.65;108.82;33.35
Aug 09, 2017;111.18;50.33;52.25;191.64;12.03;92.93;48.09;70.51;148.35;39.78;109.52;33.69
Aug 08, 2017;111.24;49.87;53;189.97;12.17;93.4;48.13;70.82;147.81;40.32;110.61;33.57
Aug 07, 2017;111.54;50.26;53.84;193.22;12.18;93.42;48.66;70.44;148.44;39.75;110.52;33.48
Aug 04, 2017;111.19;50.18;53.66;194.57;11.99;93.09;48.98;70.71;147.71;40.1;110.04;33.63
Aug 03, 2017;110.42;50.5;53.89;195.99;11.97;92.43;49.24;70.19;147.79;39.96;109.16;33.68
Aug 02, 2017;109.96;50.71;53.65;190.18;12;92.11;48.79;70.3;147.13;39.57;110.58;33.68
Aug 01, 2017;109.97;50.94;52.97;184.34;11.59;92.7;49.17;70.61;147.36;40.47;110.56;33.58
Jul 31, 2017;110.8;50.73;52.24;184.39;11.66;92.71;48.95;70.73;146.49;40.83;109.27;33.47
Jul 28, 2017;110.94;50.43;52.26;181.02;11.79;92.3;49.31;71.06;146.73;40.73;108.71;33.34
Jul 27, 2017;111.2;50.06;57.59;180.37;11.74;92;49.46;71.18;146.2;41.05;108.14;33.61
Jul 26, 2017;110.38;50.68;56.08;184.32;11.9;92.36;50.16;72.04;149.78;40.56;107.27;32.91
Jul 25, 2017;111.37;50.80;56.67;190.22;11.87;92.38;50.16;72.18;148.21;39.94;106.65;32.82
Jul 24, 2017;105.19;50.76;56.15;211.55;11.85;92.29;49.76;71.6;149.53;40.37;105.95;32.92
Jul 21, 2017;103.64;51.35;56.11;210.81;11.96;92.27;49.8;71.79;149.52;40.57;105.85;33.11
Jul 20, 2017;104.35;51.47;56.16;210.04;12.02;92.54;50.12;72.21;149.94;40.39;106.36;33.17
Jul 19, 2017;104.87;54.15;56.24;210.12;12.18;92.26;50;71.86;148.92;40.32;106.23;32.62
Jul 18, 2017;104.11;53.68;56.34;209.06;12.17;91.01;49.46;71.31;147.89;40.13;106.52;32.47
Jul 17, 2017;105.07;53.85;56.45;205.9;12.18;91.05;49.45;71.36;146.4;39.89;106.84;32.23
Jul 14, 2017;105;54.18;56.87;206.84;11.97;88.37;49.38;70.81;146.16;39.98;106.71;32.28
Jul 13, 2017;104.71;53.63;56.5;208.07;11.78;88.5;49.17;69.82;145.05;39.56;106.36;32.22
Jul 12, 2017;105.19;53.60;56.66;211.13;11.63;88.78;49.27;69.22;145.91;39.5;106.39;32.29
Jul 11, 2017;104.49;52.77;56.04;209.71;11.25;88.56;48.71;68.09;142.93;38.62;104.79;31.78
Jul 10, 2017;104.1;53.06;55.95;209.23;11.44;88.34;48.46;68.08;143.34;37.92;104.8;31.59
Jul 07, 2017;103.22;52.79;56.17;209.92;11.38;88.19;48.2;67.58;142.22;37.57;105.04;31.03
Jul 06, 2017;102.82;52.25;55.75;206.48;11.42;87.51;47.71;66.71;140.75;37.32;104.05;31.93
Jul 05, 2017;103.77;52.88;56.08;205.68;11.57;87.25;48.3;67.21;141.21;37.71;105.1;32.41
Jul 03, 2017;103.26;52.41;56.38;207.55;10.98;85.89;48.21;66.32;138.41;37.96;102.68;32.31
Jun 30, 2017;103.74;52.66;56.43;209.14;11.01;87.43;48.97;67.06;141.44;37.96;101.7;32.6
Jun 29, 2017;101.98;52.53;56.48;208.37;10.94;87.05;49.03;66.63;141.24;38.05;101.04;32.47
Jun 28, 2017;102.76;53.56;57.28;211.19;10.93;89.58;49.68;67.91;143.81;38.64;101.98;32.85
Jun 27, 2017;100.33;52.86;57.06;210.73;10.98;89.25;49.56;67.33;142.54;38.34;101.23;33.01
Jun 26, 2017;100.64;53.94;57.72;216.41;11.03;90.66;49.67;68.62;144.96;38.45;101.66;32.84
Jun 23, 2017;100.5;54.27;57.89;214.6;11.03;90.92;49.76;69.28;145.41;38.29;101.91;32.83
Jun 22, 2017;100.24;53.85;57.6;215.62;10.91;90.44;49.12;68.36;143.69;38.18;102.15;32.79
Jun 21, 2017;99.89;53.72;58.03;213.65;10.91;90.01;45.25;68.36;144.24;37.91;101.25;32.94
Jun 20, 2017;103.33;54.16;57.93;212.6;11.13;88.22;44.77;68.01;140.91;37.93;100.54;33.13
Jun 19, 2017;103.77;54.94;58.94;213.29;11.34;88.78;44.66;68.95;140.35;38.41;101.39;33.37
Jun 16, 2017;103.87;54.19;58.2;208.46;11.14;88.1;44.04;68.1;137.84;37.11;101.58;33.12
Jun 15, 2017;102.71;54.29;58.16;207.19;11.14;87.73;43.64;68;137.52;37.21;102.43;33.11
Jun 14, 2017;101.08;54.37;58.33;208.18;11.31;87.95;43.76;68.36;138.25;36.84;103.32;33.21
Jun 13, 2017;102.09;54.88;58.96;206.04;11.42;88.81;43.93;68.73;139.09;36.73;104.01;33.1
Jun 12, 2017;102.4;54.83;59.32;201.31;11.28;87.36;43.8;67.89;137.25;36.83;103.08;33.4
Jun 09, 2017;102.25;54.41;60.19;203.4;11.23;87.63;43.98;68.41;138.05;36.75;102.39;32.9
Jun 08, 2017;101.37;55.43;60.24;214.93;11.28;90.61;44.36;70;142.63;37.67;102.43;33.33
Jun 07, 2017;99.92;54.87;61.46;215.2;11.53;92.85;44.34;70.43;143.62;37.62;104.13;33.39
Jun 06, 2017;100.93;55.50;62.1;214.9;11.5;92.08;44.54;70.55;143.03;37.9;104.39;33.66
Jun 05, 2017;101.56;56.13;62.2;214.16;11.28;91.9;44.85;70.32;143.59;37.45;104.35;33.46
Jun 02, 2017;102.28;55.87;62.49;215.1;11.19;95.36;44.59;69.81;143.48;37.53;105.91;33.41
Jun 01, 2017;101.99;55.91;61.7;212.43;11.13;97.4;44.72;68.2;141.38;36.29;104.97;33.01
May 31, 2017;101.78;54.62;61.56;208.85;11.04;97.15;44.33;67.95;141.86;36.4;104.14;32.72
May 30, 2017;101.82;54.68;61.22;205.67;11.15;96.74;44.36;68.5;142.41;36.26;104.47;32.24
May 26, 2017;102;54.86;61.26;204.25;11.16;96.81;44.2;68.06;141.89;36.46;103.71;32.17
May 25, 2017;101.38;55.2;60.88;205.22;11.17;96.77;44.14;67.73;142.85;35.96;103.91;32.06
May 24, 2017;100.35;55.38;59.9;203.18;11.28;96.02;43.78;66.91;141.12;35.81;103.92;31.89
May 23, 2017;100.04;55.93;59.18;196.55;11.09;94.87;43.52;66.82;139.52;35.34;104.66;31.88
May 22, 2017;98.75;55.98;59.26;196.13;10.98;95.24;43.59;66.59;138.86;35.32;104.1;31.94
May 19, 2017;98.88;54.46;59.39;193.15;11.13;92.52;43.27;65.85;136.43;35.45;104.16;31.91
May 18, 2017;96.75;53;57.9;192.07;10.99;92.28;43.14;65.87;134.54;35.11;103.39;32
May 17, 2017;96.67;52.28;57.81;188.87;11.8;92.27;43.2;65.65;134.33;35.15;102.44;31.73
May 16, 2017;98.79;52.84;58.05;193.57;12.3;94.64;44.23;67.53;138.03;35.26;103.54;31.77
May 15, 2017;98.87;52.32;58.5;193.86;12.85;94.65;44.26;66.2;137.6;35.15;103.04;31.69
May 12, 2017;97.22;52.24;58;192.64;12.4;93.2;44.03;66.15;136.84;35.34;103.09;31.59
May 11, 2017;97.49;51.64;58.33;192.74;12.2;93.49;44.1;66.22;136.29;35.38;103.46;31.56
May 10, 2017;96.88;52.25;58.71;193.02;12.41;94.15;44.47;67.05;136.15;35.39;102.46;31.83
May 09, 2017;95.85;52.08;59.02;192.72;12.16;94.06;44.42;66.79;135.6;35.2;105.03;31.94
May 08, 2017;95.93;51.58;58.74;189.69;12.44;94.59;44.5;66.69;135.12;34.95;106.7;31.64
May 05, 2017;96.19;51.88;58.75;190.51;12.54;93.97;44.51;66.75;134.84;34.57;106.43;31.72
May 04, 2017;95.95;51.86;58.63;187.81;12.5;92.82;44.41;66.56;134.61;34.39;105.71;31.47
May 03, 2017;98.02;51.46;58.4;184.54;12.64;92.63;43.84;66.82;134.85;34.41;105.43;31.33
May 02, 2017;97.99;50.33;58.31;181.91;12.7;93.4;44.08;67.04;135;34.53;105.78;31.34
May 01, 2017;98.47;50.62;58;179.69;12.59;94.58;44;67.14;135.11;34.48;104.87;31.39
Apr 28, 2017;98.72;50.75;57.89;178.94;12.56;94.12;43.91;66.22;133.74;34.32;104.72;31.21
Apr 27, 2017;99.12;50.25;59.08;183.04;12.63;94.25;43.72;66.04;133.38;33.52;105.95;31.35
Apr 26, 2017;101.03;50.09;59.33;178.51;12.85;93.91;43.65;65.61;132.79;33.38;106.43;30.12
Apr 25, 2017;100.8;50.05;58.76;178.15;13.01;93;43.67;65.7;133.49;33.45;105.28;30.21
Apr 24, 2017;93.46;49.87;58.9;178.15;13.13;93.07;43.79;65.32;132.89;33.62;103.61;29.94
Apr 21, 2017;91.05;49.58;58.42;176.87;13.1;90.85;43.39;64.23;131.52;33.48;103.21;29.87
Apr 20, 2017;91.38;49.73;57.91;174.52;13.17;91.86;43.49;63.36;131.42;32.64;102.65;29.96
Apr 19, 2017;89.49;49.68;56.91;173.33;13.04;91.81;43.16;62.92;130.22;31.78;101.31;29.96
Apr 18, 2017;90.37;49.74;56.24;174.24;13.37;91.69;43.48;63.25;129.81;31.49;101.99;29.18
Apr 17, 2017;90.13;49.95;55.98;172.67;13.51;91.33;43.25;63.34;129.99;31.65;102.76;29.24
Apr 13, 2017;89.13;49.85;55.43;171.68;13.03;90.81;42.97;62.83;129.05;31.13;100.88;28.95
Apr 12, 2017;90.82;50.42;55.5;172.76;13.29;91.22;43.15;63.1;129.38;31.29;102.1;29.18
Apr 11, 2017;92.96;52.27;55.79;173.13;13.33;92.43;43.14;63.34;129.95;31.66;103.03;29.21
Apr 10, 2017;93;53.38;55.86;171.4;13.18;92.52;42.97;63.39;130.16;31.74;102.63;29.32
Apr 07, 2017;91.45;53.19;55.92;172.79;13.2;92.33;43.07;63.54;130.22;31.89;102.56;29.43
Apr 06, 2017;91.74;53.39;55.83;183.48;12.97;91.52;42.96;63.58;130.15;32.02;102.16;29.42
Apr 05, 2017;90.23;53.33;56.12;182.63;12.96;91.15;43.26;63.42;129.89;32.57;102.78;29.61
Apr 04, 2017;90.12;53.53;56.21;183.84;12.8;92.23;43.36;63.58;130.04;32.93;104.59;29.73
Apr 03, 2017;88.34;53.36;56.33;183.71;12.55;91.67;43.38;63.41;129.59;32.82;105.09;29.63
Mar 31, 2017;88.81;54.15;56.28;181.81;12.56;92.14;43.38;63.71;130.13;33.53;105.18;29.39
Mar 30, 2017;89.25;54.02;56.06;181.62;12.86;91.42;43.45;63.56;129.61;33.28;106.58;29.74
Mar 29, 2017;88.9;54.17;55.46;180.3;13.07;91.84;43.29;63.33;129.58;32.95;106.76;29.43
Mar 28, 2017;88.99;54.19;55.28;182.44;13.13;92.14;43.46;63.16;128.69;32.27;106.95;29.59
Mar 27, 2017;87.61;53.51;55.16;181.46;12.5;91.9;43.6;62.97;128.25;32.21;106.3;29.47
Mar 24, 2017;88.22;53.75;54.76;180.47;12.59;91.73;43.42;62.86;127.7;31.93;105.95;29.41
Mar 23, 2017;88.3;53.65;53.83;181.86;12.17;91.14;43.71;62.75;126.87;31.5;105.14;29.37
Mar 22, 2017;88.49;53.87;53.87;181.64;12.2;91.25;43.56;62.91;126.21;31.7;105.45;29.39
Mar 21, 2017;88.49;53.64;53.53;181.53;12.02;90.12;43.6;62.11;125.07;31.48;105.98;29.24
Mar 20, 2017;91.34;54.59;53.79;181.2;12.03;92.61;43.98;62.81;126.31;31.85;106.56;29.28
Mar 17, 2017;88.95;54.35;53.76;182.33;11.67;92.6;44.4;62.75;127.01;31.81;106.76;29.29
Mar 16, 2017;88.89;55.1;52.82;183.11;11.58;92.07;44.47;62.53;122.35;31.61;107.74;29.15
Mar 15, 2017;89.38;55.27;52.57;183.75;10.88;91.09;41.86;62.64;122.11;31.41;107.74;28.81
Mar 14, 2017;87.95;54.98;52.31;181.18;10.11;90.38;41.61;62.31;121.44;31.19;106.64;28.45
Mar 13, 2017;88.69;55.21;52.66;184.26;10.15;89.88;41.41;62.6;121.8;31.62;107.89;28.53
Mar 10, 2017;88.38;55.38;52.56;183.75;10;89.9;41.5;62.81;121.09;31.43;107.19;28.33
Mar 09, 2017;87.5;54.75;53.2;181.74;9.8;89.33;41.27;62.62;119.91;30.55;106.74;28.03
Mar 08, 2017;89.26;54.56;53.73;185.35;9.86;89.74;41.44;62.87;119.6;30.47;106.37;27.98
Mar 07, 2017;91.84;53.58;54.17;186.28;9.9;89.33;41.43;62.3;119.98;30.58;107.18;27.95
Mar 06, 2017;91.59;53.31;54.63;185.87;9.93;88.86;41.4;62.17;120.15;30.91;107.43;27.74
Mar 03, 2017;91.07;53.3;55.04;186.02;10.02;89.69;41.51;62.15;120.04;31.29;107.83;27.48
Mar 02, 2017;90.34;53.24;55.06;186.35;9.86;89.7;41.71;61.92;119.9;31.14;107.88;27.41
Mar 01, 2017;94.38;53.84;55.07;184.46;10.14;90.76;41.74;62.82;120.35;31.26;109.17;27.45
Feb 28, 2017;92.54;53.34;54.81;186.78;10.03;89.89;41.42;61.89;118.34;30.69;107.65;27.48
Feb 27, 2017;93.29;53.58;54.73;182.46;9.99;90.57;41.52;62.13;118.78;30.5;108.69;27.56
Feb 24, 2017;91.41;53.54;55.4;183.31;9.99;91.01;41.98;62.51;119.31;30.66;108.24;27.66
Feb 23, 2017;91.48;53.46;55.56;183.33;10.23;90.74;41.78;62.51;118.83;30.97;109.02;27.47
Feb 22, 2017;94.02;53.42;55.49;180.08;10.33;91.76;41.34;62.26;119.47;31.04;108.84;27.55
Feb 21, 2017;93.92;53.1;55.46;185.9;10.32;92.35;41.1;62.38;119.63;30.96;108.75;27.33
Feb 17, 2017;94.64;52.83;55.28;184.93;10.3;91.22;40.9;62.51;119.67;31.07;108.18;27.47
Feb 16, 2017;94.07;53.22;54.68;183.13;10.36;90.95;40.44;62.41;118.93;31.03;107.84;27.54
Feb 15, 2017;94.8;52.85;54.8;182.97;10.18;90.76;40.27;62.42;118.73;31.3;108.09;27.41
Feb 14, 2017;93.91;51.91;54.53;181.96;9.97;90.62;39.97;62.46;117.58;31.35;108.91;27.36
Feb 13, 2017;94.3;51.39;54.08;180.87;9.98;90.37;39.96;62.23;117.65;31.4;108.59;27.32
Feb 10, 2017;92.21;50.52;54.19;183.39;9.9;89.92;39.67;61.54;116.85;31.49;107.41;27.17
Feb 09, 2017;89.96;49.48;53.79;182.93;9.52;89.99;39.12;61.59;116.44;31.52;106.48;27.22
Feb 08, 2017;88.95;49.49;53.22;182.22;9.3;89.76;38.92;60.9;116.13;31.55;107.77;27.32
Feb 07, 2017;89.34;49.84;53.24;180.04;9.2;89.47;38.97;60.99;114.96;31.83;107.55;27.26
Feb 06, 2017;88.91;49.48;53.47;175.1;9.22;89.37;38.99;61.19;114.46;31.66;107.81;27.2
Feb 03, 2017;89.31;49.57;52.83;173.08;9.39;88.95;39.32;61.23;115.17;31.38;109.53;27.25
Feb 02, 2017;89.78;49.27;51.69;172.12;9.41;88;38.88;60.74;113.16;31.66;108.97;27.28
Feb 01, 2017;91.06;49.73;51.72;168.16;9.11;87.19;38.74;61.13;113.36;29.98;109.66;27.45
Jan 31, 2017;91.59;49.99;52.99;171.75;9.09;87.54;39;62.16;113.38;30.01;110.13;27.79
Jan 30, 2017;92.67;50.16;53.64;171.15;9.07;87.03;39.12;62.62;113.82;29.18;110.43;27.96
Jan 27, 2017;94.77;50.75;53.85;169.27;9.16;87.16;39.12;63.25;113.99;30.25;111.02;27.88
Jan 26, 2017;93.08;50.57;56.09;168.21;9.19;84.22;39.02;61.8;112.88;30.85;113.2;27.97
Jan 25, 2017;93.97;53.24;56.32;167.85;9.28;84.9;39.04;61.23;114.25;30.52;113.28;27.95
Jan 24, 2017;92.14;51.46;56.07;166.8;9.17;84.62;38.99;61.08;113.72;30.22;111.93;27.4
Jan 23, 2017;90.44;51.35;55.42;164.37;9.34;82.05;38.59;60.54;110.97;30.17;112.54;27.4
Jan 20, 2017;90.55;58.83;55.33;165.19;9.37;82.64;38.77;60.33;110.71;30.23;113.14;27.18
Jan 19, 2017;89.4;60.29;55.55;163.39;9.08;82.69;38.13;59.9;109.79;30.14;113.51;27.11
Jan 18, 2017;89.35;60.94;56.08;162.93;9.15;82.78;38.11;60.09;108.79;30.44;113.02;27.09
Jan 17, 2017;88.85;60.06;55.65;162.3;9.16;81.49;38.02;60.12;108;30.59;112.66;27.24
Jan 13, 2017;89.71;62.58;55.51;164.49;9.14;82.01;38.18;60.29;108.53;30.75;113.99;27.28
Jan 12, 2017;89.25;61.86;55.68;165.67;9.11;81.78;38.12;60.2;108.59;30.6;113.83;27.23
Jan 11, 2017;89.87;61.85;55.75;166.26;8.79;82.1;38.03;60.76;108.99;30.18;114.09;27.09
Jan 10, 2017;89.09;61.41;55.54;163.7;8.44;81.48;37.59;60.21;108.26;29.27;113.94;26.92
Jan 09, 2017;87.71;61.42;55.84;161.88;8.24;80.55;37.95;60.23;108.57;28.57;113.92;26.83
Jan 06, 2017;88.34;61.31;54.82;160.88;8.29;81.5;37.39;60.42;108.3;28.71;114.29;26.84
Jan 05, 2017;88.31;61.33;54.18;160.17;8.4;79.46;37.57;59.9;105.91;28.47;114.59;27.15
Jan 04, 2017;88.85;61.26;53.72;160.39;8.35;79.49;37.67;59.9;104.14;28.33;115.3;26.97
Jan 03, 2017;89.25;61.19;53.11;155.83;8.11;78.88;37.49;60.17;103.48;28.04;112.79;26.71
Dec 30, 2016;88.06;61;53.27;156.7;8.11;78.73;37.24;59.75;102.95;27.79;111.51;26.45
Dec 29, 2016;88.58;61.79;54.04;159.77;8.21;79.11;37.48;60.48;103.68;27.91;111.35;26.11
Dec 28, 2016;88.45;61.52;54.07;158.68;8.35;79.47;37.47;60.57;103.77;28.03;112.67;26.44
Dec 27, 2016;89.78;62.92;54.56;159.38;8.21;80.21;37.6;60.84;104.98;28.13;113.59;27.05
Dec 23, 2016;89.56;62.56;54.7;158.99;8.14;80.12;37.56;60.81;105.02;28.21;115.03;26.75
Dec 22, 2016;89.37;62.46;54.8;158.75;8.12;79.54;37.74;61.1;104.72;28.1;114.8;26.75
Dec 21, 2016;89.08;62.84;55.12;160.03;8.35;81.91;37.61;61.09;105.51;28.24;115.23;26.67
Dec 20, 2016;89.58;62.6;55.36;158.53;8.52;81.86;37.78;61.09;105.77;28.49;115.76;26.75
Dec 19, 2016;88.03;62.71;55.32;158.66;8.35;81.38;37.68;61.17;105.29;28.59;115.92;26.73
Dec 16, 2016;87.91;62.18;55.33;157.49;8.33;80.79;37.87;59.9;103.55;28.19;115.12;26.59
Dec 15, 2016;89.76;63.65;55.37;157.23;8.78;82.58;39.58;60.17;105.1;28.61;116.05;26.71
Dec 14, 2016;89.01;63.21;56.37;159.4;8.59;80.92;39.6;60.27;105.81;28.57;115.18;26.76
Dec 13, 2016;91.17;64.88;56.91;159.28;8.93;80.02;39.48;60.56;106.15;29.32;117.09;27.22
Dec 12, 2016;90.28;64.06;56.39;158.91;8.84;80.34;39.24;59.78;105.16;28.87;115.94;27.2
Dec 09, 2016;90.71;64.11;56.37;160.58;9.32;80.58;39.25;59.59;104.31;29.14;117.01;27.35
Dec 08, 2016;91.41;64.14;56.28;161.52;8.92;80.75;39.08;58.66;103.5;28.91;116.84;27.49
Dec 07, 2016;92.42;63.94;56.38;164.66;9.02;81.16;39.06;59.01;103.36;28.36;115.56;27.39
Dec 06, 2016;90.41;63.11;55.12;166;8.8;80.55;38.23;57.64;101.55;27.91;112.15;26.72
Dec 05, 2016;89.68;62.09;55.17;163.25;8.56;80.21;37.75;57.9;101.95;27.9;111.85;26.63
Dec 02, 2016;90.34;61.6;54.89;164.93;8.42;78.76;37.29;56.97;99.73;27.82;111.15;26.51
Dec 01, 2016;91.38;60.03;56.14;165.62;8.39;78.04;37.49;56.92;99.51;27.97;112.05;26.3
Nov 30, 2016;90.74;63.75;55.62;164.97;8.61;81.14;38.93;57.94;102.81;28.82;112.77;26.54
Nov 29, 2016;89.29;62.47;55.82;167.75;8.52;81.61;39.28;58.74;104.95;29.23;112.55;26.4
Nov 28, 2016;90.11;62.78;55.26;166.93;8.55;79.88;39.04;58.28;104.5;29.31;111.93;26.29
Nov 25, 2016;90.97;63.4;55.11;169.11;8.58;79.8;39.01;58.2;105.02;29.24;112.08;25.94
Nov 23, 2016;91.33;63.25;55.26;167.44;8.67;79.35;38.84;58.08;104.21;29.8;108.95;25.78
Nov 22, 2016;88.89;63.42;54.81;165.39;8.71;80.19;38.83;58.77;105.21;29.92;108.25;25.9
